transect;strate;subRegion;length;wkt
transect_1;Oceanic;MED;1000;LineString (-4.41417761743227999 48.71591505572742165, -3.83684765186746723 48.83185497264357622)